Framework,Total Return %,Sharpe Ratio,Max Drawdown %,Trades
VectorBT,1.0469888229753814,0.24598217745013168,5.25135505261546,236
